{
    "normals":[0,1,-0,0,0,0,0,1,-0,0,1,0],
    "vertices":[4.90859,1.86374,-0.309652,5.09609,1.86374,-0.309652,5.09609,1.86374,-0.372152,4.90859,1.86374,-0.372152,4.84609,1.86374,-0.434652,5.15859,1.86374,-0.434652,5.15859,1.86374,-0.372152,5.22109,1.86374,-0.372152,5.22109,1.86374,-0.247152,4.90859,1.86374,-0.247152,4.90859,1.86374,-0.0596517,5.09609,1.86374,-0.0596517,5.09609,1.86374,-0.122152,5.22109,1.86374,-0.122152,5.22109,1.86374,-0.0596517,5.15859,1.86374,-0.0596517,5.15859,1.86374,0.00284831,4.84609,1.86374,0.00284831,4.84609,1.86374,-0.0596517,4.78359,1.86374,-0.0596517,4.78359,1.86374,-0.372152,4.84609,1.86374,-0.372152,4.47109,1.86374,-0.434652,4.59609,1.86374,-0.434652,4.59609,1.86374,-0.0596517,4.65859,1.86374,-0.0596517,4.65859,1.86374,0.00284831,4.53359,1.86374,0.00284831,4.53359,1.86374,-0.0596517,4.47109,1.86374,-0.0596517,4.22109,1.86374,-0.434652,4.34609,1.86374,-0.434652,4.34609,1.86374,-0.0596517,4.47109,1.86374,-0.0596517,4.47109,1.86374,0.00284831,4.28359,1.86374,0.00284831,4.28359,1.86374,-0.0596517,4.22109,1.86374,-0.0596517,3.72109,1.86374,-0.372152,3.65859,1.86374,-0.372152,3.65859,1.86374,-0.434652,3.78359,1.86374,-0.434652,3.78359,1.86374,-0.372152,3.84609,1.86374,-0.372152,3.84609,1.86374,0.00284831,3.72109,1.86374,0.00284831,3.84609,1.86374,-0.434652,4.03359,1.86374,-0.434652,4.03359,1.86374,-0.372152,4.09609,1.86374,-0.372152,4.09609,1.86374,0.00284831,3.97109,1.86374,0.00284831,3.97109,1.86374,-0.372152,3.84609,1.86374,-0.372152,3.28359,1.86374,-0.622152,3.40859,1.86374,-0.622152,3.40859,1.86374,-0.497152,3.28359,1.86374,-0.497152,3.22109,1.86374,-0.434652,3.40859,1.86374,-0.434652,3.40859,1.86374,-0.0596517,3.47109,1.86374,-0.0596517,3.47109,1.86374,0.00284831,3.22109,1.86374,0.00284831,3.22109,1.86374,-0.0596517,3.28359,1.86374,-0.0596517,3.28359,1.86374,-0.372152,3.22109,1.86374,-0.372152,2.53359,1.86374,-0.434652,2.65859,1.86374,-0.434652,2.65859,1.86374,-0.559652,2.72109,1.86374,-0.559652,2.72109,1.86374,-0.622152,2.78359,1.86374,-0.622152,2.78359,1.86374,-0.434652,2.90859,1.86374,-0.434652,2.90859,1.86374,-0.372152,2.78359,1.86374,-0.372152,2.78359,1.86374,-0.0596517,2.84609,1.86374,-0.0596517,2.84609,1.86374,-0.122152,2.97109,1.86374,-0.122152,2.97109,1.86374,-0.0596517,2.90859,1.86374,-0.0596517,2.90859,1.86374,0.00284831,2.72109,1.86374,0.00284831,2.72109,1.86374,-0.0596517,2.65859,1.86374,-0.0596517,2.65859,1.86374,-0.372152,2.53359,1.86374,-0.372152,2.03359,1.86374,-0.372152,1.97109,1.86374,-0.372152,1.97109,1.86374,-0.434652,2.09609,1.86374,-0.434652,2.09609,1.86374,-0.372152,2.15859,1.86374,-0.372152,2.15859,1.86374,0.00284831,2.03359,1.86374,0.00284831,2.15859,1.86374,-0.434652,2.34609,1.86374,-0.434652,2.34609,1.86374,-0.372152,2.40859,1.86374,-0.372152,2.40859,1.86374,0.00284831,2.28359,1.86374,0.00284831,2.28359,1.86374,-0.372152,2.15859,1.86374,-0.372152,1.72109,1.86374,-0.372152,1.53359,1.86374,-0.372152,1.53359,1.86374,-0.0596517,1.72109,1.86374,-0.0596517,1.47109,1.86374,-0.0596517,1.40859,1.86374,-0.0596517,1.40859,1.86374,-0.372152,1.47109,1.86374,-0.372152,1.47109,1.86374,-0.434652,1.78359,1.86374,-0.434652,1.78359,1.86374,-0.372152,1.84609,1.86374,-0.372152,1.84609,1.86374,-0.0596517,1.78359,1.86374,-0.0596517,1.78359,1.86374,0.00284831,1.47109,1.86374,0.00284831,1.15859,1.86374,-0.372152,0.971087,1.86374,-0.372152,0.971087,1.86374,-0.0596517,1.15859,1.86374,-0.0596517,1.15859,1.86374,-0.122152,1.28359,1.86374,-0.122152,1.28359,1.86374,-0.0596517,1.22109,1.86374,-0.0596517,1.22109,1.86374,0.00284831,0.908587,1.86374,0.00284831,0.908587,1.86374,-0.0596517,0.846087,1.86374,-0.0596517,0.846087,1.86374,-0.372152,0.908587,1.86374,-0.372152,0.908587,1.86374,-0.434652,1.22109,1.86374,-0.434652,1.22109,1.86374,-0.372152,1.28359,1.86374,-0.372152,1.28359,1.86374,-0.309652,1.15859,1.86374,-0.309652,0.0335872,1.86374,-0.372152,-0.153913,1.86374,-0.372152,-0.153913,1.86374,-0.0596517,0.0335872,1.86374,-0.0596517,-0.216413,1.86374,-0.0596517,-0.278913,1.86374,-0.0596517,-0.278913,1.86374,-0.372152,-0.216413,1.86374,-0.372152,-0.216413,1.86374,-0.434652,0.0960872,1.86374,-0.434652,0.0960872,1.86374,-0.372152,0.158587,1.86374,-0.372152,0.158587,1.86374,-0.0596517,0.0960872,1.86374,-0.0596517,0.0960872,1.86374,0.00284831,-0.216413,1.86374,0.00284831,-0.841413,1.86374,-0.434652,-0.716413,1.86374,-0.434652,-0.716413,1.86374,-0.559652,-0.653913,1.86374,-0.559652,-0.653913,1.86374,-0.622152,-0.591413,1.86374,-0.622152,-0.591413,1.86374,-0.434652,-0.466413,1.86374,-0.434652,-0.466413,1.86374,-0.372152,-0.591413,1.86374,-0.372152,-0.591413,1.86374,-0.0596517,-0.528913,1.86374,-0.0596517,-0.528913,1.86374,-0.122152,-0.403913,1.86374,-0.122152,-0.403913,1.86374,-0.0596517,-0.466413,1.86374,-0.0596517,-0.466413,1.86374,0.00284831,-0.653913,1.86374,0.00284831,-0.653913,1.86374,-0.0596517,-0.716413,1.86374,-0.0596517,-0.716413,1.86374,-0.372152,-0.841413,1.86374,-0.372152,-1.77891,1.86374,-0.434652,-1.59141,1.86374,-0.434652,-1.59141,1.86374,-0.372152,-1.52891,1.86374,-0.372152,-1.52891,1.86374,-0.0596517,-1.59141,1.86374,-0.0596517,-1.59141,1.86374,0.00284831,-1.77891,1.86374,0.00284831,-1.77891,1.86374,0.127848,-1.71641,1.86374,0.127848,-1.71641,1.86374,0.190348,-1.96641,1.86374,0.190348,-1.96641,1.86374,0.127848,-1.90391,1.86374,0.127848,-1.90391,1.86374,-0.372152,-1.96641,1.86374,-0.372152,-1.96641,1.86374,-0.434652,-1.84141,1.86374,-0.434652,-1.84141,1.86374,-0.372152,-1.7794,1.86374,-0.372152,-1.77891,1.86374,-0.371663,-1.77891,1.86374,-0.0596517,-1.65391,1.86374,-0.0596517,-1.65391,1.86374,-0.372152,-1.77891,1.86374,-0.372152,-2.27891,1.86374,-0.434652,-2.15391,1.86374,-0.434652,-2.15391,1.86374,-0.0596517,-2.09141,1.86374,-0.0596517,-2.09141,1.86374,0.00284831,-2.21641,1.86374,0.00284831,-2.21641,1.86374,-0.0596517,-2.27891,1.86374,-0.0596517,-2.52891,1.86374,-0.434652,-2.40391,1.86374,-0.434652,-2.40391,1.86374,-0.0596517,-2.27891,1.86374,-0.0596517,-2.27891,1.86374,0.00284831,-2.46641,1.86374,0.00284831,-2.46641,1.86374,-0.0596517,-2.52891,1.86374,-0.0596517,-3.40391,1.86374,-0.372152,-3.34141,1.86374,-0.372152,-3.34141,1.86374,-0.434652,-3.21641,1.86374,-0.434652,-3.21641,1.86374,-0.372152,-3.27891,1.86374,-0.372152,-3.27891,1.86374,-0.309652,-3.34141,1.86374,-0.309652,-3.34141,1.86374,-0.184652,-3.27891,1.86374,-0.184652,-3.27891,1.86374,-0.122152,-3.21641,1.86374,-0.122152,-3.21641,1.86374,0.00284831,-3.34141,1.86374,0.00284831,-3.34141,1.86374,-0.122152,-3.40391,1.86374,-0.122152,-3.40391,1.86374,-0.184652,-3.46641,1.86374,-0.184652,-3.46641,1.86374,0.00284831,-3.65391,1.86374,0.00284831,-3.65391,1.86374,-0.0596517,-3.59141,1.86374,-0.0596517,-3.59141,1.86374,-0.559652,-3.65391,1.86374,-0.559652,-3.65391,1.86374,-0.622152,-3.46641,1.86374,-0.622152,-3.46641,1.86374,-0.309652,-3.40391,1.86374,-0.309652,-3.90391,1.86374,-0.372152,-4.09141,1.86374,-0.372152,-4.09141,1.86374,-0.0596517,-3.90391,1.86374,-0.0596517,-4.15391,1.86374,-0.0596517,-4.21641,1.86374,-0.0596517,-4.21641,1.86374,-0.372152,-4.15391,1.86374,-0.372152,-4.15391,1.86374,-0.434652,-3.84141,1.86374,-0.434652,-3.84141,1.86374,-0.372152,-3.77891,1.86374,-0.372152,-3.77891,1.86374,-0.0596517,-3.84141,1.86374,-0.0596517,-3.84141,1.86374,0.00284831,-4.15391,1.86374,0.00284831,-4.46641,1.86374,-0.372152,-4.65391,1.86374,-0.372152,-4.65391,1.86374,-0.0596517,-4.46641,1.86374,-0.0596517,-4.71641,1.86374,-0.0596517,-4.77891,1.86374,-0.0596517,-4.77891,1.86374,-0.372152,-4.71641,1.86374,-0.372152,-4.71641,1.86374,-0.434652,-4.40391,1.86374,-0.434652,-4.40391,1.86374,-0.372152,-4.34141,1.86374,-0.372152,-4.34141,1.86374,-0.0596517,-4.40391,1.86374,-0.0596517,-4.40391,1.86374,0.00284831,-4.71641,1.86374,0.00284831,-5.15391,1.86374,-0.0596517,-5.02891,1.86374,-0.0596517,-5.02891,1.86374,-0.122152,-4.96641,1.86374,-0.122152,-4.96641,1.86374,-0.184652,-4.90391,1.86374,-0.184652,-4.90391,1.86374,0.00284831,-5.34141,1.86374,0.00284831,-5.34141,1.86374,-0.0596517,-5.27891,1.86374,-0.0596517,-5.27891,1.86374,-0.559652,-5.34141,1.86374,-0.559652,-5.34141,